-- phpMyAdmin SQL Dump
-- version 5.1.1
-- https://www.phpmyadmin.net/
--
-- Máy chủ: 127.0.0.1
-- Thời gian đã tạo: Th12 26, 2022 lúc 03:57 PM
-- Phiên bản máy phục vụ: 10.4.21-MariaDB
-- Phiên bản PHP: 8.0.11

SET SQL_MODE = "NO_AUTO_VALUE_ON_ZERO";
START TRANSACTION;
SET time_zone = "+00:00";


/*!40101 SET @OLD_CHARACTER_SET_CLIENT=@@CHARACTER_SET_CLIENT */;
/*!40101 SET @OLD_CHARACTER_SET_RESULTS=@@CHARACTER_SET_RESULTS */;
/*!40101 SET @OLD_COLLATION_CONNECTION=@@COLLATION_CONNECTION */;
/*!40101 SET NAMES utf8mb4 */;

--
-- Cơ sở dữ liệu: `news`
--

-- --------------------------------------------------------

--
-- Cấu trúc bảng cho bảng `comment`
--

CREATE TABLE `comment` (
  `id` int(11) NOT NULL,
  `idUser` int(11) NOT NULL,
  `idTinTuc` int(11) NOT NULL,
  `NoiDung` varchar(255) NOT NULL,
  `created_at` timestamp NULL DEFAULT NULL,
  `updated_at` timestamp NULL DEFAULT NULL
) ENGINE=InnoDB DEFAULT CHARSET=utf8mb4;

--
-- Đang đổ dữ liệu cho bảng `comment`
--

INSERT INTO `comment` (`id`, `idUser`, `idTinTuc`, `NoiDung`, `created_at`, `updated_at`) VALUES
(2, 3, 1, 'aaa', '2022-12-24 08:49:54', '2022-12-24 08:49:54'),
(3, 3, 2, 'bbb', '2022-12-24 08:50:32', '2022-12-24 08:50:32');

-- --------------------------------------------------------

--
-- Cấu trúc bảng cho bảng `loaitin`
--

CREATE TABLE `loaitin` (
  `id` int(11) NOT NULL,
  `idTheLoai` int(11) NOT NULL,
  `Ten` varchar(255) NOT NULL,
  `TenKhongDau` varchar(255) NOT NULL,
  `created_at` timestamp NULL DEFAULT NULL,
  `updated_at` timestamp NULL DEFAULT NULL
) ENGINE=InnoDB DEFAULT CHARSET=utf8mb4;

--
-- Đang đổ dữ liệu cho bảng `loaitin`
--

INSERT INTO `loaitin` (`id`, `idTheLoai`, `Ten`, `TenKhongDau`, `created_at`, `updated_at`) VALUES
(1, 1, 'Nghe nhạc', 'nghe-nhac', '2022-12-07 16:42:43', '2022-12-13 09:13:37'),
(2, 1, 'Xem phim', 'xem-phim', '2022-12-07 16:42:55', '2022-12-07 16:42:55'),
(3, 1, 'Trò chơi', 'tro-choi', '2022-12-07 16:43:27', '2022-12-07 16:43:27'),
(4, 3, 'Việc làm', 'viec-lam', '2022-12-07 16:47:32', '2022-12-07 16:47:32'),
(5, 4, 'Tuyển sinh', 'tuyen-sinh', '2022-12-07 16:49:15', '2022-12-07 16:49:15'),
(6, 4, 'Luyện thi tiếng anh', 'luyen-thi-tieng-anh', '2022-12-07 16:49:28', '2022-12-07 16:49:28'),
(7, 2, 'Bóng đá', 'bong-da', '2022-12-24 12:05:36', '2022-12-24 12:05:36'),
(8, 5, 'Ẩm thực', 'am-thuc', '2022-12-24 12:26:36', '2022-12-24 12:26:36');

-- --------------------------------------------------------

--
-- Cấu trúc bảng cho bảng `slide`
--

CREATE TABLE `slide` (
  `id` int(11) NOT NULL,
  `Ten` varchar(255) NOT NULL,
  `HinhAnh` varchar(255) NOT NULL,
  `NoiDung` varchar(255) NOT NULL,
  `link` varchar(255) NOT NULL,
  `created_at` timestamp NULL DEFAULT NULL,
  `updated_at` timestamp NULL DEFAULT NULL
) ENGINE=InnoDB DEFAULT CHARSET=utf8mb4;

--
-- Đang đổ dữ liệu cho bảng `slide`
--

INSERT INTO `slide` (`id`, `Ten`, `HinhAnh`, `NoiDung`, `link`, `created_at`, `updated_at`) VALUES
(15, 'Banner', 'bb.jfif\n', 'Nội dung ngắn', '', NULL, NULL),
(19, 'Banner 2', 'rnNw_new11.jfif', 'Nội dung', 'link', '2022-12-24 12:10:20', '2022-12-24 12:10:20');

-- --------------------------------------------------------

--
-- Cấu trúc bảng cho bảng `theloai`
--

CREATE TABLE `theloai` (
  `id` int(11) NOT NULL,
  `Ten` varchar(255) NOT NULL,
  `TenKhongDau` varchar(255) NOT NULL,
  `created_at` timestamp NULL DEFAULT NULL,
  `updated_at` timestamp NULL DEFAULT NULL
) ENGINE=InnoDB DEFAULT CHARSET=utf8mb4;

--
-- Đang đổ dữ liệu cho bảng `theloai`
--

INSERT INTO `theloai` (`id`, `Ten`, `TenKhongDau`, `created_at`, `updated_at`) VALUES
(1, 'Giải trí', 'giai-tri', '2022-12-07 16:41:31', '2022-12-13 09:13:43'),
(2, 'Thể thao', 'the-thao', '2022-12-07 16:42:29', '2022-12-07 16:42:29'),
(3, 'Xã hội', 'xa-hoi', '2022-12-07 16:47:00', '2022-12-07 16:47:18'),
(4, 'Giáo dục', 'giao-duc', '2022-12-07 16:49:06', '2022-12-07 16:49:06'),
(5, 'Du lịch', 'du-lich', '2022-12-24 12:26:10', '2022-12-24 12:26:10');

-- --------------------------------------------------------

--
-- Cấu trúc bảng cho bảng `tintuc`
--

CREATE TABLE `tintuc` (
  `id` int(11) NOT NULL,
  `idLoaiTin` int(11) NOT NULL,
  `TieuDe` varchar(255) NOT NULL,
  `TieuDeKhongDau` varchar(255) NOT NULL,
  `TomTat` varchar(255) NOT NULL,
  `NoiDung` text NOT NULL,
  `Hinh` varchar(55) NOT NULL,
  `NoiBat` int(11) NOT NULL,
  `SoLuotXem` int(11) NOT NULL,
  `created_at` timestamp NULL DEFAULT NULL,
  `updated_at` timestamp NULL DEFAULT NULL
) ENGINE=InnoDB DEFAULT CHARSET=utf8mb4;

--
-- Đang đổ dữ liệu cho bảng `tintuc`
--

INSERT INTO `tintuc` (`id`, `idLoaiTin`, `TieuDe`, `TieuDeKhongDau`, `TomTat`, `NoiDung`, `Hinh`, `NoiBat`, `SoLuotXem`, `created_at`, `updated_at`) VALUES
(1, 2, 'Phim doremon ra mắt tháng 12 này', 'phim-doremon-ra-mat-thang-12-nay', 'Tóm tắt', '<p>Nội dung ở đây</p>', '1.jfif', 1, 0, '2022-12-24 12:13:11', '2022-12-16 03:18:23'),
(2, 4, 'Tuyển dụng TTS IT Php', 'tuyen-dung-tts-it-php', 'Tóm tắt', '<p>Nội dung</p>', '1qd7_job.png', 1, 0, '2022-12-24 12:13:20', '2022-12-24 12:04:45'),
(8, 7, 'Tuyển thủ Anh bị loại khỏi đội hình Man City vì thừa cân', 'tuyen-thu-anh-bi-loai-khoi-doi-hinh-man-city-vi-thua-can', 'Tóm tắt ở đây', '<p>Theo HLV Pep Guardiola, tiền vệ Kalvin Phillips thừa cân và không ở trong tình trạng phù hợp để tập luyện sau khi trở lại Man City từ World Cup 2022.</p>\r\n\r\n<p>Các tuyển thủ Anh dự World Cup 2022, gồm John Stones, Phil Foden và Jack Grealish, đều ra sân trong trận thắng Liverpool 3-2 trên sân Etihad ở vòng 1/8 Cup Liên đoàn Anh ngày 22/12. Tuy nhiên, Phillips - tiền vệ chỉ có 40 phút thi đấu tại Qatar từ hai lần vào thay người - lại vắng mặt.</p>\r\n\r\n<p>Sau trận, Guardiola giải thích Phillips không chấn thương, mà trở lại hội quân trong tình trạng thừa cân. \"Cậu ấy không ở trạng thái phù hợp để tập luyện cũng như thi đấu\", HLV Tây Ban Nha nhấn mạnh. Nhưng ông bác bỏ quan điểm rằng chế độ tập luyện của đội tuyển Anh tại World Cup 2022 là nguyên nhân khiến Phillips thừa cân.</p>\r\n\r\n<div class=\"fig-picture\" style=\"margin: 0px; padding: 0px 0px 475.65px; box-sizing: border-box; text-rendering: optimizelegibility; width: 670px; float: left; display: table; -webkit-box-pack: center; justify-content: center; background: rgb(240, 238, 234); position: relative;\"><img alt=\"Kalvin Phillips trong một buổi tập cùng tuyển Anh trên sân Al Wakrah, Qatar ngày 5/12. Ảnh: Reuters\" class=\"lazied lazy\" src=\"https://i1-thethao.vnecdn.net/2022/12/24/VTPJTQKNHZMHJH5CLPCDKPP55Y-jpe-3041-5080-1671878775.jpg?w=680&amp;h=0&amp;q=100&amp;dpr=1&amp;fit=crop&amp;s=BJtjFvbQOeL4q_LlOyjAlw\" style=\"border:0px; box-sizing:border-box; font-size:0px; left:0px; line-height:0; margin:0px; max-height:700px; max-width:100%; padding:0px; position:absolute; text-rendering:optimizelegibility; top:0px; width:670px\" />\r\n<div class=\"embed-container-ads\" style=\"margin-top: 0px; margin-right: 0px; margin-left: 0px; padding-top: 0px; padding-right: 0px; padding-left: 0px; box-sizing: border-box; text-rendering: optimizelegibility; width: 670px; background: transparent; height: 100px; position: absolute; bottom: -1px; margin-bottom: 0px !important; padding-bottom: 0px !important;\">&nbsp;</div>\r\n</div>\r\n\r\n<p>&nbsp;</p>\r\n\r\n<p>&nbsp;</p>\r\n\r\n<p>&nbsp;</p>\r\n\r\n<p>&nbsp;</p>\r\n\r\n<p>&nbsp;</p>\r\n\r\n<p>&nbsp;</p>\r\n\r\n<p>&nbsp;</p>\r\n\r\n<p>&nbsp;</p>\r\n\r\n<p>&nbsp;</p>\r\n\r\n<p>&nbsp;</p>\r\n\r\n<p>&nbsp;</p>\r\n\r\n<p>&nbsp;</p>\r\n\r\n<p>&nbsp;</p>\r\n\r\n<p>&nbsp;</p>\r\n\r\n<p>&nbsp;</p>\r\n\r\n<p>Kalvin Phillips trong một buổi tập cùng tuyển Anh trên sân Al Wakrah, Qatar ngày 5/12. Ảnh:&nbsp;<em>Reuters</em></p>\r\n\r\n<p>Theo trang&nbsp;<em>Extra City</em>,&nbsp;<a href=\"https://vnexpress.net/chu-de/pep-guardiola-357\" rel=\"dofollow\" style=\"margin: 0px; padding: 0px 0px 1px; box-sizing: border-box; text-rendering: optimizelegibility; color: rgb(7, 109, 182); text-decoration-line: none; position: relative; text-underline-position: under; border-bottom-width: 1px; border-bottom-style: solid;\">Guardiola</a>&nbsp;ra giới hạn riêng về cân nặng cho từng cầu thủ Man City, và HLV người Catalonia rất hà khắc với những trường hợp vượt giới hạn này. Sergio Aguero từng bị loại khỏi danh sách thi đấu chỉ vì đạt 80kg, nặng hơn chỉ 100 gram so với quy định.</p>\r\n\r\n<p>Guardiola cho biết đã nói chuyện trực tiếp với&nbsp;<a href=\"https://vnexpress.net/chu-de/kalvin-phillips-3568\" rel=\"dofollow\" style=\"margin: 0px; padding: 0px 0px 1px; box-sizing: border-box; text-rendering: optimizelegibility; color: rgb(7, 109, 182); text-decoration-line: none; position: relative; text-underline-position: under; border-bottom-width: 1px; border-bottom-style: solid; font-size: unset;\">Phillips</a>&nbsp;về tình trạng thừa cân này. Ông nhấn mạnh, tiền vệ 27 tuổi sẽ sớm lấy lại thể trạng phù hợp để thi đấu, vì CLB đang rất cần sự phục vụ của Phillips trước lịch thi đấu dày đặc giai đoạn chuyển giao từ năm cũ sang năm mới.</p>\r\n\r\n<p>Sau khi tỏa sáng giúp tuyển Anh vào chung kết Euro 2021, Phillips được Man City tuyển mộ với tổng phí chuyển nhượng 61 triệu USD hè 2022. Tuy nhiên, anh vật lộn với chấn thương và mới ra sân bốn lần từ đầu mùa,&nbsp;<a href=\"https://vnexpress.net/anh-dua-cau-thu-moi-da-54-phut-mua-nay-di-world-cup-4534561.html\" rel=\"dofollow\" style=\"margin: 0px; padding: 0px 0px 1px; box-sizing: border-box; text-rendering: optimizelegibility; color: rgb(7, 109, 182); text-decoration-line: none; position: relative; text-underline-position: under; border-bottom-width: 1px; border-bottom-style: solid;\">với 54 phút trên mọi mặt trận</a>. Trong đó, tiền vệ của Man City đá 40 phút ở Cup Liên đoàn, 13 phút ở Champions League và 1 phút tại Ngoại hạng Anh.</p>\r\n\r\n<p>Dù vậy, Phillips vẫn được HLV Gareth Southgate điền tên vào danh sách 26 tuyển thủ Anh dự&nbsp;<a href=\"https://vnexpress.net/chu-de/world-cup-2022-903\" rel=\"dofollow\" style=\"margin: 0px; padding: 0px 0px 1px; box-sizing: border-box; text-rendering: optimizelegibility; color: rgb(7, 109, 182); text-decoration-line: none; position: relative; text-underline-position: under; border-bottom-width: 1px; border-bottom-style: solid;\">World Cup 2022</a>. Tại đây, Phillips không cạnh tranh được vị trí của bộ ba Jude Bellingham, Declan Rice, Jordan Henderson, chỉ thi đấu 32 phút cuối trận thắng Xứ Wales ở lượt cuối vòng bảng và 8 phút cuối trận thắng Senegal ở vòng 1/8 cùng với tỷ số 3-0.</p>\r\n\r\n<p>Theo báo Anh&nbsp;<em>Sportmail</em>, Phillips có thể trở lại khi gặp CLB cũ Leeds tại Ngoại hạng Anh ngày 28/12, hoặc trận gặp Everton ngày 31/12.</p>\r\n\r\n<p>Bên cạnh Phillips, Ruben Dias cũng vắng mặt ở trận thắng Liverpool. Guardiola tiết lộ trung vệ Bồ Đào Nha chấn thương gân kheo từ World Cup 2022 và chưa rõ thời gian trở lại. Hôm 22/12, Man City&nbsp;<a href=\"https://vnexpress.net/bong-da/man-city-truat-ngoi-liverpool-o-cup-lien-doan-4551613.html\" rel=\"dofollow\" style=\"margin: 0px; padding: 0px 0px 1px; box-sizing: border-box; text-rendering: optimizelegibility; color: rgb(7, 109, 182); text-decoration-line: none; position: relative; text-underline-position: under; border-bottom-width: 1px; border-bottom-style: solid;\">hạ Liverpool</a>&nbsp;nhờ công Erling Haaland, Riyad Mahrez, Nathan Ake, và sẽ gặp Southampton ở tứ kết Cup Liên đoàn Anh ngày 10/1.</p>', 'K16j_dd.jpg', 1, 0, '2022-12-24 12:07:35', '2022-12-24 12:07:35'),
(9, 5, 'Đại học Công nghiệp TP HCM tuyển 50% chỉ tiêu từ điểm thi tốt nghiệp', 'dai-hoc-cong-nghiep-tp-hcm-tuyen-50-chi-tieu-tu-diem-thi-tot-nghiep', 'Tóm tắt ở đây', '<p>Năm tới, trường Đại học Công nghiệp TP HCM (IUH) dự kiến dành 50% chỉ tiêu cho phương thức xét điểm thi tốt nghiệp THPT, tương tự năm 2022.</p>\r\n\r\n<div id=\"divfirst\" style=\"margin: 0px; padding: 0px; box-sizing: border-box; text-rendering: optimizelegibility;\">\r\n<p>Ngày 22/12, TS Nguyễn Trung Nhân, Trưởng phòng Đào tạo, Đại học Công nghiệp TP HCM, cho biết năm 2023, trường dự kiến tuyển hơn 8.000 sinh viên cho 45 ngành và nhóm ngành. Các phương thức và tỷ lệ phân bổ chỉ tiêu được giữ ổn định như năm ngoái.</p>\r\n\r\n<p>Theo đó, 50% chỉ tiêu vẫn được dành cho phương thức xét kết quả thi tốt nghiệp 2023. Lý giải điều này, ông Nhân cho biết kỳ thi tốt nghiệp THPT có cơ sở tham chiếu tốt do được tổ chức trên quy mô cả nước. Ngoài ra, trường cũng muốn tạo điều kiện cho các thí sinh vùng sâu, khó khăn - nhóm khó tiếp cận các phương thức thi riêng, xét tuyển chứng chỉ quốc tế, để các em yên tâm ôn thi tốt nghiệp THPT và sử dụng phương thức này.</p>\r\n\r\n<div class=\"fig-picture\" style=\"margin: 0px; padding: 0px 0px 446.237px; box-sizing: border-box; text-rendering: optimizelegibility; width: 670px; float: left; display: table; -webkit-box-pack: center; justify-content: center; background: rgb(240, 238, 234); position: relative;\"><img alt=\"Thí sinh dự thi tốt nghiệp THPT 2022 tại trường THPT Lê Quý Đôn (quận 3, TP HCM), ngày 8/7. Ảnh: Quỳnh Trần\" class=\"lazied lazy\" src=\"https://i1-vnexpress.vnecdn.net/2022/12/22/CG2A2907-9306-1671685891.jpg?w=680&amp;h=0&amp;q=100&amp;dpr=1&amp;fit=crop&amp;s=U9WzZ76WTMTzU0TNPfOKgw\" style=\"border:0px; box-sizing:border-box; font-size:0px; left:0px; line-height:0; margin:0px; max-height:700px; max-width:100%; padding:0px; position:absolute; text-rendering:optimizelegibility; top:0px; width:670px\" />\r\n<div class=\"embed-container-ads\" style=\"margin-top: 0px; margin-right: 0px; margin-left: 0px; padding-top: 0px; padding-right: 0px; padding-left: 0px; box-sizing: border-box; text-rendering: optimizelegibility; width: 670px; background: transparent; height: 100px; position: absolute; bottom: -1px; margin-bottom: 0px !important; padding-bottom: 0px !important;\">\r\n<div id=\"sis_inimage\" style=\"margin: 0px; padding: 0px; box-sizing: border-box; text-rendering: optimizelegibility; position: relative; width: 670px; height: 100px;\">\r\n<div id=\"google_ads_iframe_/27973503/Vnexpress/Desktop/Inimage/Giaoduc/Giaoduc.tuyensinh.detail_0__container__\" style=\"margin: 0px; padding: 0px; box-sizing: border-box; text-rendering: optimizelegibility; border: 0pt none;\"><iframe frameborder=\"0\" height=\"1\" id=\"google_ads_iframe_/27973503/Vnexpress/Desktop/Inimage/Giaoduc/Giaoduc.tuyensinh.detail_0\" name=\"google_ads_iframe_/27973503/Vnexpress/Desktop/Inimage/Giaoduc/Giaoduc.tuyensinh.detail_0\" scrolling=\"no\" style=\"margin: 0px; padding: 0px; box-sizing: border-box; text-rendering: optimizelegibility; border-width: 0px; border-style: initial; vertical-align: bottom;\" title=\"3rd party ad content\" width=\"1\"></iframe></div>\r\n</div>\r\n</div>\r\n</div>\r\n\r\n<div class=\"adbro-animated adbro-md\" id=\"adbro\" style=\"margin: 0px auto -447px; padding: 0px; box-sizing: border-box; text-rendering: optimizelegibility; position: relative; overflow: hidden; width: 670px; height: 447px; top: -447px; transform: none;\">\r\n<div class=\"adbro-fpt\" style=\"margin: 0px !important; padding: 0px; box-sizing: border-box; text-rendering: optimizelegibility; position: absolute; top: 0px; bottom: 0px; left: 0px; width: 670px; overflow: hidden;\">\r\n<div class=\"adbro-fpt__container\" style=\"margin: 0px 0px 0px -350px !important; padding: 0px; box-sizing: border-box; text-rendering: optimizelegibility; position: absolute; left: 335px; bottom: 0px; height: 170px; width: 700px; max-width: none !important;\">\r\n<div class=\"adbro-fpt__bg\" style=\"margin: 0px !important; padding: 0px; box-sizing: border-box; text-rendering: optimizelegibility; position: absolute; bottom: 0px; left: 0px; width: 700px; height: 75px; background: url(&quot;../images/fpt-bg.png&quot;) center top / cover no-repeat; animation: 0.5s ease 0.3s 1 normal both running slideInUp24;\">&nbsp;</div>\r\n\r\n<div class=\"adbro-fpt__img adbro-fpt__img--1\" style=\"margin: 0px 0px 0px -210px !important; padding: 0px; box-sizing: border-box; text-rendering: optimizelegibility; position: absolute; left: 350px; background-size: contain; background-repeat: no-repeat; background-position: left center; animation: 0.7s ease 0.7s 1 normal both running slideInUp24, 3s ease 2.5s 1 normal none running zoomInOut25; overflow: visible !important; bottom: 4px; background-image: url(&quot;../images/fpt-img.png&quot;); width: 165px; height: 84px;\">&nbsp;</div>\r\n\r\n<div class=\"adbro-fpt__img adbro-fpt__img--2\" style=\"margin: 0px 0px 0px -45px !important; padding: 0px; box-sizing: border-box; text-rendering: optimizelegibility; position: absolute; left: 350px; background-size: contain; background-repeat: no-repeat; background-position: left center; animation: 0.7s ease 0.7s 1 normal both running fadeInUp24; overflow: visible !important; bottom: 4px; background-image: url(&quot;../images/fpt-img2.png&quot;); width: 208px; height: 37px;\">\r\n<div class=\"adbro-fpt__img-light\" style=\"margin: 0px !important; padding: 0px; box-sizing: border-box; text-rendering: optimizelegibility; position: absolute; left: 0px; top: 0px; width: 208px; height: 37px; -webkit-mask: url(&quot;../images/fpt-img2.png&quot;) left bottom / contain no-repeat;\">&nbsp;</div>\r\n</div>\r\n\r\n<div class=\"adbro-fpt__text adbro-fpt__text--1\" style=\"margin: 0px 0px 0px -49px !important; padding: 0px; box-sizing: border-box; text-rendering: optimizelegibility; position: absolute; left: 350px; background-repeat: no-repeat; background-position: left bottom; background-size: contain; animation: 0.7s ease 0.9s 1 normal both running fadeInDown24; bottom: 44px; background-image: url(&quot;../images/fpt-text.png&quot;); width: 216px; height: 27px; overflow: visible !important;\">&nbsp;</div>\r\n\r\n<div class=\"adbro-fpt__text adbro-fpt__text--2\" style=\"margin: 0px 0px 0px 165px !important; padding: 0px; box-sizing: border-box; text-rendering: optimizelegibility; position: absolute; left: 350px; background-repeat: no-repeat; background-position: left bottom; background-size: contain; animation: 0.7s ease 1.2s 1 normal both running fadeInDown24; bottom: 0px; background-image: url(&quot;../images/fpt-text2.png&quot;); width: 121px; height: 46px;\">&nbsp;</div>\r\n\r\n<div class=\"adbro-fpt__logo\" style=\"margin: 0px 0px 0px -279px !important; padding: 0px; box-sizing: border-box; text-rendering: optimizelegibility; position: absolute; bottom: 12px; left: 350px; background: url(&quot;../images/fpt-logo.png&quot;) left bottom / contain no-repeat; width: 69px; height: 22px; animation: 0.7s ease 0.7s 1 normal both running fadeInLeft24;\">&nbsp;</div>\r\n</div>\r\n</div>\r\n\r\n<div class=\"adbro-icon\" id=\"adbro-info-handler\" style=\"margin: 0px !important; padding: 0px; box-sizing: border-box; text-rendering: optimizelegibility; position: absolute; bottom: 51px; right: 3px; background: url(&quot;https://cdn.adbro.me/inimage/images/adbro-icon2.svg&quot;) 50% 50% / 100% 100% no-repeat; width: 25px; height: 24px; animation: 1s ease 0.4s 1 normal both running fadeIn24; cursor: pointer; z-index: 1;\">&nbsp;</div>\r\n\r\n<div class=\"adbro-close\" style=\"margin: 0px !important; padding: 0px; box-sizing: border-box; text-rendering: optimizelegibility; position: absolute; bottom: 80px; right: 5px; background: url(&quot;https://cdn.adbro.me/inimage/images/adbro-close.svg&quot;) 0% 0% / 100% 100% no-repeat; width: 22px; height: 22px; animation: 1s ease 0.4s 1 normal both running fadeIn24; cursor: pointer; z-index: 1;\">&nbsp;</div>\r\n\r\n<div class=\"adbro-link adbro-moat-beacon\" style=\"padding: 0px; box-sizing: border-box; text-rendering: optimizelegibility; position: absolute; bottom: 0px; left: 0px; right: 0px; height: 120px; margin: 0px !important;\">&nbsp;</div>\r\n\r\n<ul>\r\n	<li>&nbsp;</li>\r\n	<li>&nbsp;</li>\r\n	<li>&nbsp;</li>\r\n	<li>&nbsp;</li>\r\n</ul>\r\n</div>\r\n\r\n<p>&nbsp;</p>\r\n\r\n<p>&nbsp;</p>\r\n\r\n<p>&nbsp;</p>\r\n\r\n<p>&nbsp;</p>\r\n\r\n<p>&nbsp;</p>\r\n\r\n<p>&nbsp;</p>\r\n\r\n<p>&nbsp;</p>\r\n\r\n<p>&nbsp;</p>\r\n\r\n<p>&nbsp;</p>\r\n\r\n<p>&nbsp;</p>\r\n\r\n<p>&nbsp;</p>\r\n\r\n<p>&nbsp;</p>\r\n\r\n<p>&nbsp;</p>\r\n\r\n<p>Thí sinh dự thi tốt nghiệp THPT 2022 tại trường THPT Lê Quý Đôn (quận 3, TP HCM), ngày 8/7. Ảnh:&nbsp;<em>Quỳnh Trần</em></p>\r\n\r\n<p>Ba phương thức xét tuyển còn lại được trường Đại học Công nghiệp TP HCM sử dụng gồm xét học bạ lớp 12 (dự kiến 30% chỉ tiêu, giảm nhẹ 5% so với năm ngoái); sử dụng kết quả kỳ thi đánh giá năng lực của Đại học Quốc gia TP HCM (10%); còn lại tuyển thẳng và ưu tiên xét tuyển (10%), áp dụng với học sinh đạt giải học sinh giỏi cấp tỉnh trở lên, học sinh trường chuyên hoặc có IELTS tối thiểu 5.0.</p>\r\n\r\n<p>Nếu nộp hồ sơ theo phương thức xét học bạ hoặc ưu tiên xét tuyển, thí sinh phải đạt tối thiểu 21 điểm theo tổ hợp ba môn xét tuyển, riêng ngành Dược học lấy điểm sàn 24 và học lực lớp 12 loại giỏi. Ở phân hiệu Quảng Ngãi, trường áp dụng điểm sàn là 19 cho phương thức xét học bạ.</p>\r\n</div>\r\n\r\n<div id=\"admbackground\" style=\"margin: 0px; padding: 0px; box-sizing: border-box; text-rendering: optimizelegibility;\">&nbsp;</div>\r\n\r\n<div id=\"divend\" style=\"margin: 0px; padding: 0px; box-sizing: border-box; text-rendering: optimizelegibility;\">\r\n<p style=\"text-align:center\"><a href=\"https://vnexpress.net/dai-hoc-cong-nghiep-tp-hcm-tuyen-50-chi-tieu-tu-diem-thi-tot-nghiep-4551357-p2.html\" style=\"margin: 0px; padding: 0px 0px 1px; box-sizing: border-box; text-rendering: optimizelegibility; color: rgb(7, 109, 182); text-decoration-line: none; position: relative; text-underline-position: under; border-bottom-width: 1px; border-bottom-style: solid;\" title=\"Xem 45 ngành đào tạo năm 2023 của trường Đại học Công nghiệp TP HCM\"><strong>Xem 45 ngành đào tạo năm 2023 của trường Đại học Công nghiệp TP HCM</strong></a></p>\r\n\r\n<p>Năm 2022, ngành lấy&nbsp;<a href=\"https://vnexpress.net/diem-chuan-dai-hoc-cong-nghiep-cong-nghiep-thuc-pham-tp-hcm-4357373.html\" rel=\"dofollow\" style=\"margin: 0px; padding: 0px 0px 1px; box-sizing: border-box; text-rendering: optimizelegibility; color: rgb(7, 109, 182); text-decoration-line: none; position: relative; text-underline-position: under; border-bottom-width: 1px; border-bottom-style: solid;\">điểm chuẩn cao nhất&nbsp;</a>của trường Đại học Công nghiệp TP HCM là Marketing và Luật Kinh tế (hệ đại trà), cùng 26. Nhiều ngành khác lấy trên 24 như nhóm ngành Tự động hóa, Công nghệ kỹ thuật máy tính, Công nghệ kỹ thuật cơ điện tử, Công nghệ kỹ thuật ôtô, nhóm ngành Công nghệ thông tin, Kinh doanh quốc tế, Thương mại điện tử, Quản trị dịch vụ du lịch và lữ hành, Ngôn ngữ Anh.</p>\r\n\r\n<p>Tất cả ngành ở phân hiệu Quảng Ngãi có điểm chuẩn thấp nhất là 16. So với năm 2021, mặt bằng điểm chuẩn trường này tăng 0,5-2 điểm.</p>\r\n</div>', 'dB8w_ff.jpg', 1, 0, '2022-12-24 12:09:13', '2022-12-24 12:09:13'),
(10, 5, 'Con gái có nên học Kỹ thuật điện - Điện tử?', 'con-gai-co-nen-hoc-ky-thuat-dien-dien-tu-', 'Tóm tắt ở đây', '<p>Em đang phân vân liệu con gái học ngành kỹ thuật hay không, mong được mọi người tư vấn.</p>\r\n\r\n<p>Em nghe nói chương trình học của ngành Kỹ thuật điện - Điện tử khá nặng. Em là người năng động, hướng ngoại, có khả năng giao tiếp và thuyết trình tốt trước đám đông nên không biết có hợp với ngành này không. Em mong mọi người cho em lời khuyên.</p>', 'Ep9U_news22.jpg', 1, 0, '2022-12-24 12:11:51', '2022-12-24 12:12:38'),
(11, 2, 'Tặng vé xem phim \'Puss in Boots 2\'', 'tang-ve-xem-phim-puss-in-boots-2', 'Tóm tắt ở đây', '<p>VnExpress tặng độc giả bốn cặp vé buổi công chiếu phim hoạt hình \"Puss in Boots: The Last Wish\".</p>\r\n\r\n<p>Nhà phát hành tặng độc giả VnExpress bốn cặp vé dự buổi công chiếu vào 18h30 ngày 23/12 ở CGV Nguyễn Chí Thanh (Hà Nội) và CGV Sư Vạn Hạnh (TP HCM). Độc giả gửi e-mail đến địa chỉ thanhdat@vnexpress.net với tên mail \"Ve xem PIB\" (tiếng Việt không dấu). Nội dung thư vui lòng cung cấp họ tên, email, số điện thoại người muốn xem phim và địa điểm phù hợp. Người may mắn nhận vé sẽ nhận được thông báo qua e-mail vào tối 22/12.</p>\r\n\r\n<div class=\"box_embed_video_parent embed_video_new\" id=\"video_parent_369131\" style=\"margin: 0px; padding: 0px; box-sizing: border-box; text-rendering: optimizelegibility; position: relative; overflow: hidden; clear: both;\">\r\n<div class=\"box_embed_video\" id=\"embed_video_369131\" style=\"margin: 0px; padding: 0px 0px 376.875px; box-sizing: border-box; text-rendering: optimizelegibility; height: 0px; width: 670px; position: relative; background: rgb(225, 225, 225);\">\r\n<div class=\"bg_overlay_small_unpin\" style=\"margin: 0px; padding: 0px; box-sizing: border-box; text-rendering: optimizelegibility;\">&nbsp;</div>\r\n\r\n<div class=\"bg_overlay_small\" style=\"margin: 0px; padding: 0px; box-sizing: border-box; text-rendering: optimizelegibility;\">&nbsp;</div>\r\n\r\n<div class=\"embed-container\" style=\"margin: 0px; padding: 0px 0px 376.875px; box-sizing: border-box; text-rendering: optimizelegibility; position: relative; height: 0px; overflow: hidden; clear: both; transition-duration: 300ms; transition-property: left; transition-timing-function: cubic-bezier(0.7, 1, 0.7, 1);\">\r\n<div id=\"video-369131\" style=\"margin: 0px; padding: 0px; box-sizing: border-box; text-rendering: optimizelegibility; width: 670px; height: 376.875px;\">\r\n<div class=\"media_content\" id=\"parser_player_369131\" style=\"margin: 0px; padding: 0px; box-sizing: border-box; text-rendering: optimizelegibility; width: 670px; height: 376.875px; position: relative; background: rgb(0, 0, 0); text-align: left;\">\r\n<div class=\"videoContainter\" id=\"videoContainter_369131\" style=\"margin: 0px; padding: 0px; box-sizing: border-box; text-rendering: optimizelegibility; width: 670px; height: 376.875px;\">\r\n<div class=\"video-js vjs-default-skin vjs-controls-enabled vjs-workinghover vjs-v7 media-video-369131-dimensions vjs-has-started vjs-paused vjs-ended vjs-user-inactive\" id=\"media-video-369131\" lang=\"vi\" style=\"margin: 0px; padding: 0px; box-sizing: border-box; text-rendering: optimizelegibility; width: 670px; height: 376.875px; vertical-align: top; color: rgb(255, 255, 255); position: relative; font-size: 10px; line-height: 1; font-family: Arial, Helvetica, sans-serif; user-select: none;\">\r\n<div class=\"vjs-text-track-display\" style=\"margin: 0px; padding: 0px; box-sizing: inherit; text-rendering: optimizelegibility; position: absolute; inset: 0px 0px 3em; pointer-events: none; transform: translateY(-2em);\">&nbsp;</div>\r\n\r\n<div class=\"vjs-loading-spinner\" dir=\"ltr\" style=\"margin: 0px; padding: 0px; box-sizing: inherit; text-rendering: optimizelegibility; position: absolute; top: 0px; left: 0px; opacity: 0.0001; width: 670px; height: 376.875px; background: url(&quot;data:image/svg+xml;base64,PD94bWwgdmVyc2lvbj0iMS4wIiBlbmNvZGluZz0idXRmLTgiPz48IURPQ1RZUEUgc3ZnIFBVQkxJQyAiLS8vVzNDLy9EVEQgU1ZHIDEuMS8vRU4iICJodHRwOi8vd3d3LnczLm9yZy9HcmFwaGljcy9TVkcvMS4xL0RURC9zdmcxMS5kdGQiPjxzdmcgdmVyc2lvbj0iMS4xIiBpZD0iTGF5ZXJfMSIgeG1sbnM9Imh0dHA6Ly93d3cudzMub3JnLzIwMDAvc3ZnIiB4bWxuczp4bGluaz0iaHR0cDovL3d3dy53My5vcmcvMTk5OS94bGluayIgeD0iMHB4IiB5PSIwcHgiIHdpZHRoPSI0OHB4IiBoZWlnaHQ9IjQ4cHgiIHZpZXdCb3g9IjAgMCA0OCA0OCIgZW5hYmxlLWJhY2tncm91bmQ9Im5ldyAwIDAgNDggNDgiIHhtbDpzcGFjZT0icHJlc2VydmUiPjxyZWN0IHg9Ii0wLjA4MyIgZmlsbD0ibm9uZSIgd2lkdGg9IjQ3Ljk5OSIgaGVpZ2h0PSI0OCIvPjxjaXJjbGUgZmlsbD0ibm9uZSIgc3Ryb2tlPSIjRkZGRkZGIiBzdHJva2Utd2lkdGg9IjQiIHN0cm9rZS1saW5lY2FwPSJyb3VuZCIgY3g9IjI0IiBjeT0iMjQiIHI9IjIwIj48YW5pbWF0ZSAgZmlsbD0icmVtb3ZlIiByZXN0YXJ0PSJhbHdheXMiIGNhbGNNb2RlPSJsaW5lYXIiIGFkZGl0aXZlPSJyZXBsYWNlIiBhY2N1bXVsYXRlPSJub25lIiB0bz0iMCIgZnJvbT0iMzYwIiByZXBlYXRDb3VudD0iaW5kZWZpbml0ZSIgZHVyPSIzcyIgYXR0cmlidXRlTmFtZT0ic3Ryb2tlLWRhc2hvZmZzZXQiPjwvYW5pbWF0ZT48YW5pbWF0ZSAgZmlsbD0icmVtb3ZlIiB2YWx1ZXM9IjEwMCAxNTA7MSAyNTAiIHJlc3RhcnQ9ImFsd2F5cyIgY2FsY01vZGU9ImxpbmVhciIgYWRkaXRpdmU9InJlcGxhY2UiIGFjY3VtdWxhdGU9Im5vbmUiIHJlcGVhdENvdW50PSJpbmRlZmluaXRlIiBkdXI9IjNzIiBhdHRyaWJ1dGVOYW1lPSJzdHJva2UtZGFzaGFycmF5Ij48L2FuaW1hdGU+PC9jaXJjbGU+PC9zdmc+&quot;) center center / auto 20% no-repeat rgba(0, 0, 0, 0.7); transition: all 0.5s ease 0s;\">Video Player is loading.</div>\r\n\r\n<div class=\"vjs-control-bar\" dir=\"ltr\" style=\"margin: 0px; padding: 0px; box-sizing: inherit; text-rendering: optimizelegibility; display: flex; width: 670px; position: absolute; bottom: 0px; left: 0px; right: 0px; height: 5em; background: linear-gradient(rgba(0, 0, 0, 0), rgba(0, 0, 0, 0.8)); visibility: visible; opacity: 1; transition: visibility 0.1s ease 0s, opacity 0.1s ease 0s;\">Replay\r\n<div class=\"vjs-current-time vjs-time-control vjs-control\" style=\"margin: 0px; padding: 0px 0.1em; box-sizing: inherit; text-rendering: optimizelegibility; position: relative; text-align: center; height: 50px; width: auto; flex: 0 0 auto; font-size: 1.4em; line-height: 3.5em; min-width: 0.5em;\">Hiện tại&nbsp;2:25</div>\r\n\r\n<div class=\"vjs-time-control vjs-time-divider\" style=\"margin: 0px; padding: 0px 0.1em; box-sizing: inherit; text-rendering: optimizelegibility; line-height: 3.5em; flex: 0 0 auto; font-size: 1.4em; min-width: 0.5em; width: auto;\">\r\n<div style=\"margin: 0px; padding: 0px; box-sizing: inherit; text-rendering: optimizelegibility;\">/</div>\r\n</div>\r\n\r\n<div class=\"vjs-duration vjs-time-control vjs-control\" style=\"margin: 0px; padding: 0px 0.1em; box-sizing: inherit; text-rendering: optimizelegibility; position: relative; text-align: center; height: 50px; width: auto; flex: 0 0 auto; font-size: 1.4em; line-height: 3.5em; min-width: 0.5em;\">Thời lượng&nbsp;2:25</div>\r\n\r\n<div class=\"vjs-progress-control vjs-control\" style=\"margin: 0px; padding: 0px; box-sizing: inherit; text-rendering: optimizelegibility; position: relative; text-align: center; height: 50px; width: 5em; flex: 1 1 auto; cursor: pointer; display: flex; -webkit-box-align: center; align-items: center; min-width: 4em;\">\r\n<div class=\"vjs-progress-holder vjs-slider vjs-slider-horizontal\" style=\"margin: 0px 10px; padding: 0px; box-sizing: inherit; text-rendering: optimizelegibility; flex: 1 1 auto; transition: all 0.2s ease 0s; height: 0.5em; position: relative; cursor: pointer; user-select: none; background-color: rgba(255, 255, 255, 0.3);\">\r\n<div class=\"vjs-load-progress\" style=\"margin: 0px; padding: 0px; box-sizing: inherit; text-rendering: optimizelegibility; background: rgba(200, 200, 200, 0.3); overflow: hidden; position: absolute; height: 5px; width: 432.9px; left: 0px; top: 0px;\">Đã tải: 0%\r\n<div style=\"margin: 0px; padding: 0px; box-sizing: inherit; text-rendering: optimizelegibility; background-image: initial; background-position: initial; background-size: initial; background-repeat: initial; background-attachment: initial; background-origin: initial; background-clip: initial; position: absolute; height: 5px; width: 432.663px; left: 0.2375px; top: 0px;\">&nbsp;</div>\r\n</div>\r\n\r\n<div class=\"vjs-play-progress vjs-slider-bar\" style=\"margin: 0px; padding: 0px; box-sizing: inherit; text-rendering: optimizelegibility; background-color: rgb(159, 34, 78); position: absolute; height: 5px; width: 432.9px; left: 0px; top: 0px; font-family: VideoJS !important;\">\r\n<div class=\"vjs-time-tooltip\" style=\"margin: 0px; padding: 6px 8px 8px; box-sizing: inherit; text-rendering: optimizelegibility; font-family: Arial, Helvetica, sans-serif; background-color: rgba(255, 255, 255, 0.8); border-radius: 0.3em; color: rgb(0, 0, 0); float: right; font-size: 1em; pointer-events: none; position: relative; top: -3.4em; visibility: hidden; z-index: 1; right: -17.7375px;\">&nbsp;</div>\r\nTiến trình: 0%</div>\r\n</div>\r\n</div>\r\n\r\n<div class=\"vjs-volume-panel vjs-control vjs-volume-panel-vertical\" style=\"margin: 0px; padding: 0px; box-sizing: inherit; text-rendering: optimizelegibility; position: relative; text-align: center; height: 50px; width: 5em; flex: 0 0 auto; transition: width 1s ease 0s; display: flex;\">Bỏ tắt tiếng\r\n<div class=\"vjs-volume-control vjs-control vjs-volume-vertical\" style=\"margin: 0px 1em 0px -1px; padding: 0px; box-sizing: inherit; text-rendering: optimizelegibility; position: relative; height: 8em; width: 3em; flex: 0 0 auto; cursor: pointer; display: flex; bottom: 8em; background-color: rgba(43, 51, 63, 0.7); visibility: visible; opacity: 0; left: -3.5em; transition: visibility 1s ease 0s, opacity 1s ease 0s, height 1s ease 1s, width 1s ease 1s, left 1s ease 1s, top 1s ease 1s;\">\r\n<div class=\"vjs-volume-bar vjs-slider-bar vjs-slider vjs-slider-vertical\" style=\"margin: 1.35em auto; padding: 0px; box-sizing: inherit; text-rendering: optimizelegibility; position: relative; cursor: pointer; user-select: none; background-color: rgba(255, 255, 255, 0.3); width: 0.5em; height: 5em;\">\r\n<div class=\"vjs-volume-level\" style=\"margin: 0px; padding: 0px; box-sizing: inherit; text-rendering: optimizelegibility; position: absolute; bottom: 0px; left: 0px; background-color: rgb(159, 34, 78); width: 0.5em; height: 0px; font-family: VideoJS !important;\">&nbsp;</div>\r\n</div>\r\n</div>\r\n</div>\r\nToàn màn hình</div>\r\n\r\n<div class=\"fp-sound-status-container\" id=\"369131_soundTopRight\" style=\"margin: 0px; padding: 0px; box-sizing: inherit; text-rendering: optimizelegibility; opacity: 0; position: absolute; top: 15px; right: 15px; min-width: 108px; width: auto; height: 32px; border-radius: 16px; background-color: rgba(0, 0, 0, 0.8); text-align: center; font-size: 12px; line-height: 32px; transition: opacity 2s ease 0s;\">&nbsp;</div>\r\n\r\n<div class=\"share-hover\" style=\"margin: 0px; padding: 10px 15px; box-sizing: inherit; text-rendering: optimizelegibility; display: flex; justify-content: flex-end; width: 670px; height: 55px; position: absolute; top: 0px; left: 0px;\">&nbsp;</div>\r\n</div>\r\n</div>\r\n</div>\r\n</div>\r\n</div>\r\n</div>\r\n</div>\r\n\r\n<div class=\"inner_caption\" style=\"margin: 0px; padding: 0px; box-sizing: border-box; text-rendering: optimizelegibility;\">\r\n<p style=\"text-align:left\">Trailer phim. Video:&nbsp;<em>CGV</em></p>\r\n</div>\r\n\r\n<p><em>Puss in Boots: The Last Wish&nbsp;</em>là phần phim thứ hai về nhân vật Mèo đi hia - từng xuất hiện trong các phần phim của thương hiệu Shrek. Kịch bản<em>&nbsp;</em>tiếp tục theo chân Mèo đi hia (Antonio Banderas lồng tiếng) trên những chuyến phiêu lưu riêng của anh. Sau khi trải qua hàng loạt nhiệm vụ nguy hiểm và những lần nghịch ngợm không giống ai, chú mèo phát hiện mình đã sử dụng hết chín mạng. Chỉ chết thêm một lần nữa, anh sẽ vĩnh viễn ra đi.</p>\r\n\r\n<p>Không chấp nhận số phận, Puss bắt đầu hành trình đến Rừng Đen - nơi có huyền thoại về điều ước cuối cùng nhằm khôi phục lại chín mạng sống. Trên đường, anh gặp lại cô mèo Kitty (<a href=\"https://vnexpress.net/giai-tri/salma-hayek-phu-nu-manh-me-nhat-khi-dam-chiu-ton-thuong-4550152.html\" rel=\"dofollow\" style=\"margin: 0px; padding: 0px 0px 1px; box-sizing: border-box; text-rendering: optimizelegibility; color: rgb(7, 109, 182); text-decoration-line: none; position: relative; text-underline-position: under; border-bottom-width: 1px; border-bottom-style: solid;\">Salma Hayek</a>) và làm quen người bạn mới - chú chó Perrito (Harvey Guillén).</p>', 'JVJZ_anh.png', 1, 0, '2022-12-24 12:17:58', '2022-12-24 12:20:47'),
(12, 1, 'Hòa Minzy hòa giọng trong MV \'Nhà là nơi\' phiên bản mới', 'hoa-minzy-hoa-giong-trong-mv-nha-la-noi-phien-ban-moi', 'Tóm tắt ở đây', '<p>Nhà là nơi - ca khúc chủ đạo trong chiến dịch truyền thông của Fami, một thương hiệu thuộc Vinasoy - vừa ra mắt phiên bản mới \"Nơi là nhà\" với giọng ca Hòa Minzy.</p>\r\n\r\n<div id=\"divfirst\" style=\"margin: 0px; padding: 0px; box-sizing: border-box; text-rendering: optimizelegibility;\">\r\n<p>Trong MV, Hòa Minzy không lộ diện. Trên nền giai điệu tươi vui rộn ràng, chất giọng cao, trong của nữ ca sĩ quê Bắc Ninh hòa cùng dàn đồng ca thể hiện được tình cảm gia đình gắn bó khi cùng sử dụng những sản phẩm dinh dưỡng. Bên cạnh đó là tâm tình yêu mến của người tiêu dùng, đối tác, tập thể nhân viên Vinasoy dành cho thương hiệu.</p>\r\n\r\n<p>Phiên bản mới kết hợp cùng Hòa Minzy kỷ niệm cột mốc sinh nhật 25 năm tuổi của Vinasoy được đổi tên thành&nbsp;<em>Nơi là nhà</em>&nbsp;- ngầm ý thương hiệu luôn ở trong tim hàng triệu người tiêu dùng.</p>\r\n\r\n<div class=\"fig-picture\" style=\"margin: 0px; padding: 0px 0px 587.713px; box-sizing: border-box; text-rendering: optimizelegibility; width: 670px; float: left; display: table; -webkit-box-pack: center; justify-content: center; background: rgb(240, 238, 234); position: relative;\"><img alt=\"Ca sĩ Hoà Minzy và món quà từ Vinasoy. Ảnh: NVCC\" class=\"lazied lazy\" src=\"https://i1-giaitri.vnecdn.net/2022/12/23/1-1671787114-8510-1671788996.jpg?w=680&amp;h=0&amp;q=100&amp;dpr=1&amp;fit=crop&amp;s=eB4xeI-WmknkBRtYy-z2uw\" style=\"border:0px; box-sizing:border-box; font-size:0px; left:0px; line-height:0; margin:0px; max-height:700px; max-width:100%; padding:0px; position:absolute; text-rendering:optimizelegibility; top:0px; width:670px\" /></div>\r\n\r\n<p>&nbsp;</p>\r\n\r\n<p>&nbsp;</p>\r\n\r\n<p>&nbsp;</p>\r\n\r\n<p>&nbsp;</p>\r\n\r\n<p>&nbsp;</p>\r\n\r\n<p>&nbsp;</p>\r\n\r\n<p>&nbsp;</p>\r\n\r\n<p>&nbsp;</p>\r\n\r\n<p>&nbsp;</p>\r\n\r\n<p>&nbsp;</p>\r\n\r\n<p>&nbsp;</p>\r\n\r\n<p>&nbsp;</p>\r\n\r\n<p>&nbsp;</p>\r\n\r\n<p>&nbsp;</p>\r\n\r\n<p>&nbsp;</p>\r\n\r\n<p>&nbsp;</p>\r\n\r\n<p>&nbsp;</p>\r\n\r\n<p>&nbsp;</p>\r\n\r\n<p>Ca sĩ Hoà Minzy. Ảnh:&nbsp;<em>NVCC</em></p>\r\n\r\n<p>Qua bản hoà ca này, những người yêu mến Vinasoy đã được điểm lại những cột mốc đáng nhớ của Vinasoy trong suốt hành trình 1/4 thế kỷ hình thành và phát triển. Không chỉ ghi dấu bằng những thành tích kinh doanh ở cả thị trường trong và ngoài nước, Vinasoy đã chuyên tâm với sứ mệnh đóng góp dinh dưỡng xanh lành từ tự nhiên vào nhịp sống năng động thường nhật.</p>\r\n\r\n<p>Ngay khi ra mắt trên các nền tảng mạng xã hội,&nbsp;<em>Nơi là nhà</em>&nbsp;đã nhận nhiều sự quan tâm cũng như chia sẻ từ những người yêu mến thương hiệu sữa đậu nành. Diễn viên Thu Trang nhớ lại ký ức vui vẻ và xúc động khi đã từng xuất hiện trong chiến dịch Fami.</p>\r\n</div>\r\n\r\n<div id=\"admbackground\" style=\"margin: 0px; padding: 0px; box-sizing: border-box; text-rendering: optimizelegibility;\">&nbsp;</div>\r\n\r\n<div id=\"divend\" style=\"margin: 0px; padding: 0px; box-sizing: border-box; text-rendering: optimizelegibility;\">\r\n<p>\"Mới ngày nào Trang góp mặt trong quảng cáo của Vinasoy, giờ thương hiệu đã bền bỉ đi trên hành trình lan toả điều tốt đẹp từ tự nhiên được một phần tư thế kỷ. Trang luôn trân trọng những gì Vinasoy đã làm được. Suốt 25 năm thương hiệu vẫn chỉ một lòng mang đến người tiêu dùng những hộp sữa bổ dưỡng xanh lành thơm ngon nhất\", diễn viên Thu Trang chia sẻ.</p>\r\n\r\n<p>Cùng với Hòa Minzy, diễn viên Bảo Thanh tự hào khi được đồng hành cùng Vinasoy kỷ niệm 25 năm.</p>\r\n\r\n<div class=\"fig-picture\" style=\"margin: 0px; padding: 0px 0px 669.037px; box-sizing: border-box; text-rendering: optimizelegibility; width: 670px; float: left; display: table; -webkit-box-pack: center; justify-content: center; background: rgb(240, 238, 234); position: relative;\"><img alt=\"Diễn viên Thu Trang và món quà từ Vinasoy. Ảnh: NVCC\" class=\"lazied lazy\" src=\"https://i1-giaitri.vnecdn.net/2022/12/23/2-1671787277-2639-1671788996.png?w=680&amp;h=0&amp;q=100&amp;dpr=1&amp;fit=crop&amp;s=hCimyXEE-nKCfFrvFsbqRg\" style=\"border:0px; box-sizing:border-box; font-size:0px; left:0px; line-height:0; margin:0px; max-height:700px; max-width:100%; padding:0px; position:absolute; text-rendering:optimizelegibility; top:0px; width:670px\" /></div>\r\n\r\n<p>&nbsp;</p>\r\n\r\n<p>&nbsp;</p>\r\n\r\n<p>&nbsp;</p>\r\n\r\n<p>&nbsp;</p>\r\n\r\n<p>&nbsp;</p>\r\n\r\n<p>&nbsp;</p>\r\n\r\n<p>&nbsp;</p>\r\n\r\n<p>&nbsp;</p>\r\n\r\n<p>&nbsp;</p>\r\n\r\n<p>&nbsp;</p>\r\n\r\n<p>&nbsp;</p>\r\n\r\n<p>&nbsp;</p>\r\n\r\n<p>&nbsp;</p>\r\n\r\n<p>&nbsp;</p>\r\n\r\n<p>&nbsp;</p>\r\n\r\n<p>&nbsp;</p>\r\n\r\n<p>&nbsp;</p>\r\n\r\n<p>&nbsp;</p>\r\n\r\n<p>&nbsp;</p>\r\n\r\n<p>&nbsp;</p>\r\n\r\n<p>Diễn viên Thu Trang và món quà từ Vinasoy. Ảnh:&nbsp;<em>NVCC</em></p>\r\n\r\n<p>Với những người trong cuộc - tập thể nhân viên, chuyên gia kỳ cựu và đối tác thân thiết thì Vinasoy từ lâu họ đã coi là nhà. \"Tôi làm việc 3 năm ở Vinasoy, chưa phải quá dài so với một số anh chị tiền bối, nhưng cũng không phải ngắn như các em út trong nhà. Tôi luôn có cảm giác ở đây là nhà\", chị Thảo Nguyễn, trợ lý nhãn hàng tại Vinasoy chia sẻ.</p>\r\n\r\n<div class=\"fig-picture\" style=\"margin: 0px; padding: 0px 0px 446.237px; box-sizing: border-box; text-rendering: optimizelegibility; width: 670px; float: left; display: table; -webkit-box-pack: center; justify-content: center; background: rgb(240, 238, 234); position: relative;\"><img alt=\"Nhiều cán bộ công nhân từ lâu đã coi Vinasoy là gia đình thứ hai . Ảnh: VNS\" class=\"lazied lazy\" src=\"https://i1-giaitri.vnecdn.net/2022/12/23/2-3453-1671788996.jpg?w=680&amp;h=0&amp;q=100&amp;dpr=1&amp;fit=crop&amp;s=f27VSegewr96w8cKbIi7aA\" style=\"border:0px; box-sizing:border-box; font-size:0px; left:0px; line-height:0; margin:0px; max-height:700px; max-width:100%; padding:0px; position:absolute; text-rendering:optimizelegibility; top:0px; width:670px\" /></div>\r\n\r\n<p>&nbsp;</p>\r\n\r\n<p>&nbsp;</p>\r\n\r\n<p>&nbsp;</p>\r\n\r\n<p>&nbsp;</p>\r\n\r\n<p>&nbsp;</p>\r\n\r\n<p>&nbsp;</p>\r\n\r\n<p>&nbsp;</p>\r\n\r\n<p>&nbsp;</p>\r\n\r\n<p>&nbsp;</p>\r\n\r\n<p>&nbsp;</p>\r\n\r\n<p>&nbsp;</p>\r\n\r\n<p>&nbsp;</p>\r\n\r\n<p>&nbsp;</p>\r\n\r\n<p>&nbsp;</p>\r\n\r\n<p>Cán bộ công nhân của Vinasoy. Ảnh:<em>&nbsp;VNS</em></p>\r\n\r\n<p><em>Nhà là nơi</em>&nbsp;ra mắt từ năm 2015, liên tục được làm mới và thể hiện bởi nhiều ca sĩ như Mỹ Linh, Cẩm Ly, Hoàng Bách, Issac và sau này là Noo Phước Thịnh, Văn Mai Hương, Trúc Nhân...</p>\r\n\r\n<p>Theo đại diện Vinasoy, trước đây với bài hát&nbsp;<em>Nhà là nơi</em>, Vinasoy nỗ lực lan toả đến cộng đồng cảm hứng tốt đẹp về tình cảm gia đình, nhắc nhở mọi người định nghĩa nhà dẫu có thể rất khác nhau, nhưng điểm chung lớn nhất là đều rất đáng yêu và đáng trân trọng. Giờ đây, với bản hoà ca&nbsp;<em>Nơi là nhà</em>, Vinasoy mong muốn tri ân những tình cảm và kỷ niệm gắn bó với nhãn hiệu. \"Điều đáng quý nhất là thương hiệu đã xây được một ngôi nhà bình yên, gần gũi và hiện diện trong trái tim hàng triệu người\", vị này cho biết.</p>\r\n\r\n<div style=\"margin: 0px; padding: 0px; box-sizing: border-box; text-rendering: optimizelegibility; text-align: center;\">\r\n<div class=\"box_img_video \" style=\"margin: 0px; padding: 0px; box-sizing: border-box; text-rendering: optimizelegibility; cursor: pointer;\"><img alt=\"Hòa Minzy hòa giọng trong MV ‘Nhà là nơi’ phiên bản mới\" src=\"https://iv1.vnecdn.net/giaitri/images/web/2022/12/23/hoa-minzy-hoa-giong-trong-mv-nha-la-noi-phien-ban-moi-1671788283.jpg?w=750&amp;h=450&amp;q=100&amp;dpr=1&amp;fit=crop&amp;s=29elCa4LtTdmFa19xJNLEQ\" style=\"border:0px; box-sizing:border-box; font-size:0px; height:536px; line-height:0; margin:0px; max-width:100%; object-fit:cover; padding:0px; text-rendering:optimizelegibility; width:670px\" /></div>\r\n</div>\r\n</div>', 'x8bG_amnhac.jpg', 1, 0, '2022-12-24 12:25:09', '2022-12-24 12:25:09');
INSERT INTO `tintuc` (`id`, `idLoaiTin`, `TieuDe`, `TieuDeKhongDau`, `TomTat`, `NoiDung`, `Hinh`, `NoiBat`, `SoLuotXem`, `created_at`, `updated_at`) VALUES
(13, 8, 'Những món ăn cho chuyến du lịch Đà Lạt', 'nhung-mon-an-cho-chuyen-du-lich-da-lat', 'Tóm tắt ở đây', '<p>Ốc bươu nhồt thịt, bánh mì xíu mại, lẩu gà lá é là những món ăn nếu đến Đà Lạt mà chưa thưởng thức sẽ là thiếu sót.</p>\r\n\r\n<div id=\"divfirst\" style=\"margin: 0px; padding: 0px; box-sizing: border-box; text-rendering: optimizelegibility;\">\r\n<p>Đà Lạt bắt đầu vào mùa cao điểm du lịch khi thời tiết đẹp, trời nắng khô, không mưa. Hiện cũng là mùa hoa với dã quỳ, mai anh đào, cỏ hồng... nở khắp nơi.&nbsp;<a href=\"https://vnexpress.net/festival-hoa-da-lat-dien-ra-trong-hai-thang-4534534.html\" rel=\"dofollow\" style=\"margin: 0px; padding: 0px 0px 1px; box-sizing: border-box; text-rendering: optimizelegibility; color: rgb(7, 109, 182); text-decoration-line: none; position: relative; text-underline-position: under; border-bottom-width: 1px; border-bottom-style: solid;\">Lễ hội hoa Đà Lạt</a>&nbsp;đang diễn ra tại vườn hoa trung tâm và xung quanh khu vực hồ Xuân Hương. Đến&nbsp;<a href=\"https://vnexpress.net/cam-nang-du-lich-da-lat-4455699.html\" rel=\"dofollow\" style=\"margin: 0px; padding: 0px 0px 1px; box-sizing: border-box; text-rendering: optimizelegibility; color: rgb(7, 109, 182); text-decoration-line: none; position: relative; text-underline-position: under; border-bottom-width: 1px; border-bottom-style: solid;\">Đà Lạt</a>&nbsp;dịp này, du khách cũng nên ghé những địa chỉ dưới đây, do&nbsp;<em>VnExpress</em>&nbsp;lựa chọn, để thưởng thức ẩm thực, với nhiều món ăn thích hợp thời tiết se lạnh.</p>\r\n\r\n<p><strong>Ốc bươu nhồi thịt</strong></p>\r\n\r\n<div class=\"fig-picture\" style=\"margin: 0px; padding: 0px 0px 502.138px; box-sizing: border-box; text-rendering: optimizelegibility; width: 670px; float: left; display: table; -webkit-box-pack: center; justify-content: center; background: rgb(240, 238, 234); position: relative;\"><img alt=\"Ốc bươu nhồi thịt chấm cùng nước mắm gừng đậm đà. Ảnh: Khánh Thiện\" class=\"lazied lazy\" src=\"https://i1-dulich.vnecdn.net/2022/12/12/thumbnail-2022-05-28-19-33-28-6301-2328-1670845473.jpg?w=680&amp;h=0&amp;q=100&amp;dpr=1&amp;fit=crop&amp;s=vpdSXpdjn8oThGVWwcNl-g\" style=\"border:0px; box-sizing:border-box; font-size:0px; left:0px; line-height:0; margin:0px; max-height:700px; max-width:100%; padding:0px; position:absolute; text-rendering:optimizelegibility; top:0px; width:670px\" />\r\n<div class=\"embed-container-ads\" style=\"margin-top: 0px; margin-right: 0px; margin-left: 0px; padding-top: 0px; padding-right: 0px; padding-left: 0px; box-sizing: border-box; text-rendering: optimizelegibility; width: 670px; background: transparent; height: 100px; position: absolute; bottom: -1px; margin-bottom: 0px !important; padding-bottom: 0px !important;\">\r\n<div id=\"sis_inimage\" style=\"margin: 0px; padding: 0px; box-sizing: border-box; text-rendering: optimizelegibility; position: relative; width: 670px; height: 100px;\">\r\n<div id=\"google_ads_iframe_/27973503/Vnexpress/Desktop/Inimage/Dulich/Dulich.amthuc.detail_0__container__\" style=\"margin: 0px; padding: 0px; box-sizing: border-box; text-rendering: optimizelegibility; border: 0pt none;\"><iframe frameborder=\"0\" height=\"1\" id=\"google_ads_iframe_/27973503/Vnexpress/Desktop/Inimage/Dulich/Dulich.amthuc.detail_0\" name=\"google_ads_iframe_/27973503/Vnexpress/Desktop/Inimage/Dulich/Dulich.amthuc.detail_0\" scrolling=\"no\" style=\"margin: 0px; padding: 0px; box-sizing: border-box; text-rendering: optimizelegibility; border-width: 0px; border-style: initial; vertical-align: bottom;\" title=\"3rd party ad content\" width=\"1\"></iframe></div>\r\n</div>\r\n</div>\r\n</div>\r\n\r\n<p>&nbsp;</p>\r\n\r\n<p>&nbsp;</p>\r\n\r\n<p>&nbsp;</p>\r\n\r\n<p>&nbsp;</p>\r\n\r\n<p>&nbsp;</p>\r\n\r\n<p>&nbsp;</p>\r\n\r\n<p>&nbsp;</p>\r\n\r\n<p>&nbsp;</p>\r\n\r\n<p>&nbsp;</p>\r\n\r\n<p>&nbsp;</p>\r\n\r\n<p>&nbsp;</p>\r\n\r\n<p>&nbsp;</p>\r\n\r\n<p>&nbsp;</p>\r\n\r\n<p>&nbsp;</p>\r\n\r\n<p>&nbsp;</p>\r\n\r\n<p>Ốc bươu nhồi thịt chấm cùng nước mắn gừng. Ảnh:&nbsp;<em>Khánh Thiện</em></p>\r\n\r\n<p>Đây là một trong những món ăn vặt được lòng cả người dân địa phương lẫn du khách. Ốc bươu làm sạch, khử mùi tanh, nhồi cùng thịt heo xay nhuyễn có tẩm gia vị, thêm vài cọng sả rồi hấp chín. Món ăn gây ấn tượng nhờ thịt ốc thơm, dai, hòa cùng mùi của sả, chấm cùng nước mắm gừng và ăn khi còn nóng.</p>\r\n\r\n<p>Địa chỉ gợi ý: 157 Hai Bà Trưng, 4D-41 Hai Bà Trưng, C5 Trần Lê, 83 Nguyễn Văn Trỗi.</p>\r\n\r\n<p><strong>Bánh mì xíu mại</strong></p>\r\n\r\n<div class=\"fig-picture\" style=\"margin: 0px; padding: 0px 0px 502.138px; box-sizing: border-box; text-rendering: optimizelegibility; width: 670px; float: left; display: table; -webkit-box-pack: center; justify-content: center; background: rgb(240, 238, 234); position: relative;\"><img alt=\"Bánh mì xíu mại có thể ăn kèm nhiều loại topping và đĩa rau xà lách trộn dầu giấm. Ảnh: Khánh Thiện\" class=\"lazied lazy\" src=\"https://i1-dulich.vnecdn.net/2022/12/12/thumbnail-20220529-083913-1799-1670845473.jpg?w=680&amp;h=0&amp;q=100&amp;dpr=1&amp;fit=crop&amp;s=tmrmmbg6J6bS5CXqtQGs_Q\" style=\"border:0px; box-sizing:border-box; font-size:0px; left:0px; line-height:0; margin:0px; max-height:700px; max-width:100%; padding:0px; position:absolute; text-rendering:optimizelegibility; top:0px; width:670px\" /></div>\r\n\r\n<p>&nbsp;</p>\r\n\r\n<p>&nbsp;</p>\r\n\r\n<p>&nbsp;</p>\r\n\r\n<p>&nbsp;</p>\r\n\r\n<p>&nbsp;</p>\r\n\r\n<p>&nbsp;</p>\r\n\r\n<p>&nbsp;</p>\r\n\r\n<p>&nbsp;</p>\r\n\r\n<p>&nbsp;</p>\r\n\r\n<p>&nbsp;</p>\r\n\r\n<p>&nbsp;</p>\r\n\r\n<p>&nbsp;</p>\r\n\r\n<p>&nbsp;</p>\r\n\r\n<p>&nbsp;</p>\r\n\r\n<p>&nbsp;</p>\r\n\r\n<p>&nbsp;</p>\r\n\r\n<p>Bánh mì xíu mại có thể ăn kèm nhiều loại \"topping\" và đĩa rau xà lách trộn dầu giấm. Ảnh:&nbsp;<em>Khánh Thiện</em></p>\r\n\r\n<p>Bánh mì xíu mại là món ăn sáng phổ biến ở Đà Lạt. Món này làm từ thịt nạc xay nhuyễn, có độ dai vừa đủ, nước dùng từ xương heo ninh nhừ, vị ngọt thanh. Một chút hành lá cắt nhuyễn, ớt sa tế ăn kèm sẽ khiến món ăn hấp dẫn hơn. Xíu mại chắc thịt, nêm nếm vừa ăn, nước chấm ngọt thanh ăn kèm bánh mì nóng. Ở một số quán, thực khách có thể gọi thêm các món ăn kèm như patê, chả Huế...</p>\r\n\r\n<p>Địa chỉ gợi ý: 26 Hoàng Diệu, 79 Bùi Thị Xuân, 14 Ánh Sáng, 72 Yersin.</p>\r\n\r\n<p><strong>Bún riêu</strong></p>\r\n\r\n<div class=\"fig-picture\" style=\"margin: 0px; padding: 0px 0px 502.138px; box-sizing: border-box; text-rendering: optimizelegibility; width: 670px; float: left; display: table; -webkit-box-pack: center; justify-content: center; background: rgb(240, 238, 234); position: relative;\"><img alt=\"Rau ăn kèm bún được người Đà lạt cắt nhỏ. Ảnh: Khánh Thiện\" class=\"lazied lazy\" src=\"https://i1-dulich.vnecdn.net/2022/12/12/thumbnail-2022-05-28-07-36-44-5787-8401-1670845473.jpg?w=680&amp;h=0&amp;q=100&amp;dpr=1&amp;fit=crop&amp;s=tEdaKvJJd6uzJnY_rh_hQA\" style=\"border:0px; box-sizing:border-box; font-size:0px; left:0px; line-height:0; margin:0px; max-height:700px; max-width:100%; padding:0px; position:absolute; text-rendering:optimizelegibility; top:0px; width:670px\" /></div>\r\n\r\n<p>&nbsp;</p>\r\n\r\n<p>&nbsp;</p>\r\n\r\n<p>&nbsp;</p>\r\n\r\n<p>&nbsp;</p>\r\n\r\n<p>&nbsp;</p>\r\n\r\n<p>&nbsp;</p>\r\n\r\n<p>&nbsp;</p>\r\n\r\n<p>&nbsp;</p>\r\n\r\n<p>&nbsp;</p>\r\n\r\n<p>&nbsp;</p>\r\n\r\n<p>&nbsp;</p>\r\n\r\n<p>&nbsp;</p>\r\n\r\n<p>&nbsp;</p>\r\n\r\n<p>&nbsp;</p>\r\n\r\n<p>&nbsp;</p>\r\n\r\n<p>Rau ăn kèm bún được người Đà Lạt cắt nhỏ. Ảnh:&nbsp;<em>Khánh Thiện</em></p>\r\n\r\n<p>Không phải là món đặc sản nhưng bún riêu lại thích hợp với thời tiết se lạnh ở Đà Lạt. Bún ở đây nổi tiếng nhờ hương vị từ riêu được làm bởi trứng, mộc nhĩ và thịt băm tạo thành từng mảng lớn. Khi ăn, bạn sẽ cảm nhận vị thơm bùi của trứng và thịt băm hòa quyện, cà chua, hành lá, mắm tôm, giá và rau cắt nhỏ ăn kèm.</p>\r\n\r\n<p>Địa chỉ gợi ý: 29 Nguyễn Văn Trỗi, 9N Huỳnh Thúc Kháng, 38A Trần Nhật Duật, 29 Yersin.</p>\r\n\r\n<p><strong>Bánh ướt lòng gà</strong></p>\r\n</div>\r\n\r\n<div id=\"admbackground\" style=\"margin: 0px; padding: 0px; box-sizing: border-box; text-rendering: optimizelegibility;\">&nbsp;</div>\r\n\r\n<div id=\"divend\" style=\"margin: 0px; padding: 0px; box-sizing: border-box; text-rendering: optimizelegibility;\">\r\n<div class=\"fig-picture\" style=\"margin: 0px; padding: 0px 0px 546.612px; box-sizing: border-box; text-rendering: optimizelegibility; width: 670px; float: left; display: table; -webkit-box-pack: center; justify-content: center; background: rgb(240, 238, 234); position: relative;\"><img alt=\"Bánh ướt lòng gà có thêm hành phi dậy mùi thơm cho món ăn. Ảnh: Khánh Thiện\" class=\"lazied lazy\" src=\"https://i1-dulich.vnecdn.net/2022/12/12/z3924866928683-1ddfb552ce3b3f2-4589-9538-1670845473.jpg?w=680&amp;h=0&amp;q=100&amp;dpr=1&amp;fit=crop&amp;s=qSzi-hc2SxRyj_vzEoosMg\" style=\"border:0px; box-sizing:border-box; font-size:0px; left:0px; line-height:0; margin:0px; max-height:700px; max-width:100%; padding:0px; position:absolute; text-rendering:optimizelegibility; top:0px; width:670px\" /></div>\r\n\r\n<p>&nbsp;</p>\r\n\r\n<p>&nbsp;</p>\r\n\r\n<p>&nbsp;</p>\r\n\r\n<p>&nbsp;</p>\r\n\r\n<p>&nbsp;</p>\r\n\r\n<p>&nbsp;</p>\r\n\r\n<p>&nbsp;</p>\r\n\r\n<p>&nbsp;</p>\r\n\r\n<p>&nbsp;</p>\r\n\r\n<p>&nbsp;</p>\r\n\r\n<p>&nbsp;</p>\r\n\r\n<p>&nbsp;</p>\r\n\r\n<p>&nbsp;</p>\r\n\r\n<p>&nbsp;</p>\r\n\r\n<p>&nbsp;</p>\r\n\r\n<p>&nbsp;</p>\r\n\r\n<p>&nbsp;</p>\r\n\r\n<p>Bánh ướt lòng gà có thêm hành phi dậy mùi. Ảnh:&nbsp;<em>Khánh Thiện</em></p>\r\n\r\n<p>Bánh ướt lòng gà là một trong những món ăn lâu đời tại Đà Lạt. Một số quán xé thịt gà thành từng thớ mỏng, hoặc nếu thích, bạn có thể yêu cầu người bán để nguyên đùi gà, thêm trứng gà non, lòng mề. Thịt gà giòn dai, bánh ướt mềm cùng nước mắm chua ngọt đủ kích thích vị giác của thực khách.</p>\r\n\r\n<p>Địa chỉ gợi ý: 15F Tăng Bạt Hổ, 68 Phan Đình Phùng, số 9 Đồng Tâm, 44 Tăng Bạt Hổ.</p>\r\n\r\n<p><strong>Lẩu bò</strong></p>\r\n\r\n<div class=\"fig-picture\" style=\"margin: 0px; padding: 0px 0px 502.138px; box-sizing: border-box; text-rendering: optimizelegibility; width: 670px; float: left; display: table; -webkit-box-pack: center; justify-content: center; background: rgb(240, 238, 234); position: relative;\"><img alt=\"Lẩu bò Đà Lạt ăn kèm nhiều loại rau xanh. Ảnh: Khánh Thiện\" class=\"lazied lazy\" src=\"https://i1-dulich.vnecdn.net/2022/12/12/thumbnail-2022-03-19-19-32-54-5861-8866-1670845473.jpg?w=680&amp;h=0&amp;q=100&amp;dpr=1&amp;fit=crop&amp;s=HLKV3E3U1IxYRsP4tuGanw\" style=\"border:0px; box-sizing:border-box; font-size:0px; left:0px; line-height:0; margin:0px; max-height:700px; max-width:100%; padding:0px; position:absolute; text-rendering:optimizelegibility; top:0px; width:670px\" /></div>\r\n\r\n<p>&nbsp;</p>\r\n\r\n<p>&nbsp;</p>\r\n\r\n<p>&nbsp;</p>\r\n\r\n<p>&nbsp;</p>\r\n\r\n<p>&nbsp;</p>\r\n\r\n<p>&nbsp;</p>\r\n\r\n<p>&nbsp;</p>\r\n\r\n<p>&nbsp;</p>\r\n\r\n<p>&nbsp;</p>\r\n\r\n<p>&nbsp;</p>\r\n\r\n<p>&nbsp;</p>\r\n\r\n<p>&nbsp;</p>\r\n\r\n<p>&nbsp;</p>\r\n\r\n<p>&nbsp;</p>\r\n\r\n<p>&nbsp;</p>\r\n\r\n<p>&nbsp;</p>\r\n\r\n<p>Lẩu bò Đà Lạt ăn kèm nhiều loại rau xanh. Ảnh:&nbsp;<em>Khánh Thiện</em></p>\r\n\r\n<p>Nồi lẩu bò gồm nhiều loại thịt nạc, gân, đuôi hoặc xí quách, đi kèm là đậu hũ cắt miếng vuông, không thể thiếu các loại rau xanh gồm cải xanh, cải thảo, mồng tơi, rau má, tần ô tươi non. Thịt chín mềm được gắp vào chén, thêm nước dùng, rau, đậu hũ. Khi ăn, bạn sẽ cảm nhận vị ngọt của từng thớ thịt, chấm cùng nước chấm làm từ chao và sa tế.</p>\r\n\r\n<p>Địa chỉ gợi ý: 427/3 Phan Đình Phùng, 1/29 Hoàng Diệu, 14 Nguyễn Thị Định, 15B Quang Trung.</p>\r\n\r\n<p><strong>Lẩu gà lá é</strong></p>\r\n\r\n<div class=\"fig-picture\" style=\"margin: 0px; padding: 0px 0px 578.287px; box-sizing: border-box; text-rendering: optimizelegibility; width: 670px; float: left; display: table; -webkit-box-pack: center; justify-content: center; background: rgb(240, 238, 234); position: relative;\"><img alt=\"Nồi lẩu đầy đặn với thịt gà, măng, nấm. Ảnh: Tâm Anh\" class=\"lazied lazy\" src=\"https://i1-dulich.vnecdn.net/2022/12/13/318037885-1210067842917755-480-2317-6149-1670917393.jpg?w=680&amp;h=0&amp;q=100&amp;dpr=1&amp;fit=crop&amp;s=XH1ZD9JzYoYTsSkYiv-sVg\" style=\"border:0px; box-sizing:border-box; font-size:0px; left:0px; line-height:0; margin:0px; max-height:700px; max-width:100%; padding:0px; position:absolute; text-rendering:optimizelegibility; top:0px; width:670px\" /></div>\r\n\r\n<p>&nbsp;</p>\r\n\r\n<p>&nbsp;</p>\r\n\r\n<p>&nbsp;</p>\r\n\r\n<p>&nbsp;</p>\r\n\r\n<p>&nbsp;</p>\r\n\r\n<p>&nbsp;</p>\r\n\r\n<p>&nbsp;</p>\r\n\r\n<p>&nbsp;</p>\r\n\r\n<p>&nbsp;</p>\r\n\r\n<p>&nbsp;</p>\r\n\r\n<p>&nbsp;</p>\r\n\r\n<p>&nbsp;</p>\r\n\r\n<p>&nbsp;</p>\r\n\r\n<p>&nbsp;</p>\r\n\r\n<p>&nbsp;</p>\r\n\r\n<p>&nbsp;</p>\r\n\r\n<p>&nbsp;</p>\r\n\r\n<p>&nbsp;</p>\r\n\r\n<p>Nồi lẩu đầy đặn với thịt gà, măng, nấm. Ảnh:&nbsp;<em>Khánh Thiện</em></p>\r\n\r\n<p>Đây là món ăn nhất định phải thử ở Đà Lạt, thích hợp dùng trong tiết trời se lạnh. Lẩu gá lé có phần nước dùng ngọt nhẹ, thịt gà mềm, nấm và măng thấm vị ngọt. Đặc biệt, phần lá é có vị cay nồng, ăn tới đâu nhúng tới đó vì lá chín nhanh. Kèm lẩu là chén muối ớt hiểm cay nồng.</p>\r\n\r\n<p>Địa chỉ gợi ý: số 2 Chu Văn An, số 1 Yersin, 27 Lê Đại Hành, số 6 Yersin, 28 Huỳnh Thúc Kháng.</p>\r\n\r\n<p><strong>Nem nướng</strong></p>\r\n\r\n<div class=\"fig-picture\" style=\"margin: 0px; padding: 0px 0px 407.462px; box-sizing: border-box; text-rendering: optimizelegibility; width: 670px; float: left; display: table; -webkit-box-pack: center; justify-content: center; background: rgb(240, 238, 234); position: relative;\"><img alt=\"Nem nướng ăn kèm nhiều topping cùng nước chấm có vị béo từ gan, thịt, đậu xay... Ảnh: Huỳnh Nhi\" class=\"lazied lazy\" src=\"https://i1-dulich.vnecdn.net/2022/12/12/quan-an-dat-khach-da-lat-03-jp-7947-1737-1670845473.jpg?w=680&amp;h=0&amp;q=100&amp;dpr=1&amp;fit=crop&amp;s=4m8yJVHINqcrBRc-lhHsjg\" style=\"border:0px; box-sizing:border-box; font-size:0px; left:0px; line-height:0; margin:0px; max-height:700px; max-width:100%; padding:0px; position:absolute; text-rendering:optimizelegibility; top:0px; width:670px\" /></div>\r\n\r\n<p>&nbsp;</p>\r\n\r\n<p>&nbsp;</p>\r\n\r\n<p>&nbsp;</p>\r\n\r\n<p>&nbsp;</p>\r\n\r\n<p>&nbsp;</p>\r\n\r\n<p>&nbsp;</p>\r\n\r\n<p>&nbsp;</p>\r\n\r\n<p>&nbsp;</p>\r\n\r\n<p>&nbsp;</p>\r\n\r\n<p>&nbsp;</p>\r\n\r\n<p>&nbsp;</p>\r\n\r\n<p>&nbsp;</p>\r\n\r\n<p>&nbsp;</p>\r\n\r\n<p>Nem nướng ăn kèm nhiều \"topping\" cùng nước chấm có vị béo từ gan, thịt, đậu xay... Ảnh:&nbsp;<em>Huỳnh Nhi</em></p>\r\n\r\n<p>Ẩm thực Đà Lạt còn có món nem nướng được nhiều thực khách nhắc đến. Một phần ăn gồm nem lụi nướng, bánh tráng chiên giòn, rau sống và đồ chua để cân bằng vị giác, không gây ngấy. Chén nước chấm lúc nào cũng ấm nóng được làm từ gan, tôm, thịt và đậu xay nhuyễn thành hỗn hợp sệt.</p>\r\n\r\n<p>Địa chỉ gợi ý: 328 Phan Đình Phùng, 45 Bùi Thị Xuân, 150 Bùi Thị Xuân.</p>\r\n\r\n<p><strong>Bánh căn</strong></p>\r\n\r\n<div class=\"fig-picture\" style=\"margin: 0px; padding: 0px 0px 446.337px; box-sizing: border-box; text-rendering: optimizelegibility; width: 670px; float: left; display: table; -webkit-box-pack: center; justify-content: center; background: rgb(240, 238, 234); position: relative;\"><img alt=\"Người Đà Lạt ăn bánh căn kèm chén xíu mại nóng. Ảnh: Joel Whalton/Shutterstock\" class=\"lazied lazy\" src=\"https://i1-dulich.vnecdn.net/2022/12/12/khac-biet-banh-can-dalat-phanr-9768-8319-1670845473.jpg?w=680&amp;h=0&amp;q=100&amp;dpr=1&amp;fit=crop&amp;s=g4yJjTKANz96GrpKYewotw\" style=\"border:0px; box-sizing:border-box; font-size:0px; left:0px; line-height:0; margin:0px; max-height:700px; max-width:100%; padding:0px; position:absolute; text-rendering:optimizelegibility; top:0px; width:670px\" /></div>\r\n\r\n<p>&nbsp;</p>\r\n\r\n<p>&nbsp;</p>\r\n\r\n<p>&nbsp;</p>\r\n\r\n<p>&nbsp;</p>\r\n\r\n<p>&nbsp;</p>\r\n\r\n<p>&nbsp;</p>\r\n\r\n<p>&nbsp;</p>\r\n\r\n<p>&nbsp;</p>\r\n\r\n<p>&nbsp;</p>\r\n\r\n<p>&nbsp;</p>\r\n\r\n<p>&nbsp;</p>\r\n\r\n<p>&nbsp;</p>\r\n\r\n<p>&nbsp;</p>\r\n\r\n<p>&nbsp;</p>\r\n\r\n<p>Bánh căn ăn kèm xíu mại ở Đà Lạt. Ảnh:&nbsp;<em>Joel Whalton</em></p>\r\n\r\n<p>Chiếc bánh được làm nóng, vỏ mỏng, nhân trứng gà, trứng cút, bò bằm hay mực. Bánh ăn kèm những viên xíu mại thịt heo, xen chút mỡ, thêm nhiều hành lá. Xíu mại để nóng trên bếp nên luôn tỏa mùi thơm. Từng mẻ bánh nóng, giòn quyện cùng nước chấm kích thích vị giác.</p>\r\n\r\n<p>Địa chỉ gợi ý: 27/44 đường Yersin, 15A đường Nguyễn Biểu, số 30 Tăng Bạt Hổ, số 5 đường Ba Tháng Tư.</p>\r\n\r\n<p><strong>Bánh tráng nướng</strong></p>\r\n\r\n<div class=\"fig-picture\" style=\"margin: 0px; padding: 0px 0px 439.438px; box-sizing: border-box; text-rendering: optimizelegibility; width: 670px; float: left; display: table; -webkit-box-pack: center; justify-content: center; background: rgb(240, 238, 234); position: relative;\"><img alt=\"Bánh tráng nướng giòn thơm, có thêm chà bông, phô mai, xúc xích... Ảnh: Huỳnh Nhi\" class=\"lazied lazy\" src=\"https://i1-dulich.vnecdn.net/2022/12/12/mon-dem-da-lat-5310-1631526023-3597-2820-1670845474.jpg?w=680&amp;h=0&amp;q=100&amp;dpr=1&amp;fit=crop&amp;s=MHOarDJlWQRi75Qy8-jWdg\" style=\"border:0px; box-sizing:border-box; font-size:0px; left:0px; line-height:0; margin:0px; max-height:700px; max-width:100%; padding:0px; position:absolute; text-rendering:optimizelegibility; top:0px; width:670px\" /></div>\r\n\r\n<p>&nbsp;</p>\r\n\r\n<p>&nbsp;</p>\r\n\r\n<p>&nbsp;</p>\r\n\r\n<p>&nbsp;</p>\r\n\r\n<p>&nbsp;</p>\r\n\r\n<p>&nbsp;</p>\r\n\r\n<p>&nbsp;</p>\r\n\r\n<p>&nbsp;</p>\r\n\r\n<p>&nbsp;</p>\r\n\r\n<p>&nbsp;</p>\r\n\r\n<p>&nbsp;</p>\r\n\r\n<p>&nbsp;</p>\r\n\r\n<p>&nbsp;</p>\r\n\r\n<p>&nbsp;</p>\r\n\r\n<p>Bánh tráng nướng giòn thơm. Ảnh:&nbsp;<em>Huỳnh Nhi</em></p>\r\n\r\n<p>Món ăn có đủ loại nhân như chà bông, phô mai, xúc xích. Ở Đà Lạt, những hàng bánh tráng nướng luôn kê ghế thấp cho khách ngồi xung quanh. Bạn có thể tận mắt xem người bán thực hiện các công đoạn như quạt than, đập trứng, tráng bánh. Trong tiết trời se lạnh của Đà Lạt, thưởng thức bánh tráng nướng nóng giòn là một trải nghiệm không nên bỏ qua vào mỗi buổi tối.</p>\r\n\r\n<p>Địa chỉ gợi ý: 26 Hoàng Diệu, 61 Nguyễn Văn Trỗi, 180 Bùi Thị Xuân, 89 Hoàng Hoa Thám.</p>\r\n</div>', 'hYqi_am_thuc.jpg', 1, 0, '2022-12-24 12:28:47', '2022-12-24 12:28:47');

-- --------------------------------------------------------

--
-- Cấu trúc bảng cho bảng `users`
--

CREATE TABLE `users` (
  `id` int(11) NOT NULL,
  `name` varchar(255) NOT NULL,
  `email` varchar(255) NOT NULL,
  `password` varchar(255) NOT NULL,
  `level` int(11) NOT NULL,
  `created_at` timestamp NULL DEFAULT NULL,
  `updated_at` timestamp NULL DEFAULT NULL
) ENGINE=InnoDB DEFAULT CHARSET=utf8mb4;

--
-- Đang đổ dữ liệu cho bảng `users`
--

INSERT INTO `users` (`id`, `name`, `email`, `password`, `level`, `created_at`, `updated_at`) VALUES
(3, 'Nguyen Phuoc Hao', 'hao@gmail.com', '$2y$10$1SkkvF.HN.gDSxzv1gNFqOEQKpCytvvkvekWX6iTE5mMKTpapWVk2', 1, '2022-12-16 10:53:37', '2022-12-16 10:53:37'),
(6, 'a', 'a@gmail.com', '$2y$10$wLaS1/5kCzFJyndBRP4pIuXus6/Nbe9tbWxmYXDhj5h1DfMh00RBW', 0, '2022-12-25 07:10:08', '2022-12-25 07:10:08');

--
-- Chỉ mục cho các bảng đã đổ
--

--
-- Chỉ mục cho bảng `comment`
--
ALTER TABLE `comment`
  ADD PRIMARY KEY (`id`),
  ADD KEY `idUser` (`idUser`),
  ADD KEY `idTinTuc` (`idTinTuc`);

--
-- Chỉ mục cho bảng `loaitin`
--
ALTER TABLE `loaitin`
  ADD PRIMARY KEY (`id`);

--
-- Chỉ mục cho bảng `slide`
--
ALTER TABLE `slide`
  ADD PRIMARY KEY (`id`);

--
-- Chỉ mục cho bảng `theloai`
--
ALTER TABLE `theloai`
  ADD PRIMARY KEY (`id`);

--
-- Chỉ mục cho bảng `tintuc`
--
ALTER TABLE `tintuc`
  ADD PRIMARY KEY (`id`),
  ADD KEY `idLoaiTin` (`idLoaiTin`);

--
-- Chỉ mục cho bảng `users`
--
ALTER TABLE `users`
  ADD PRIMARY KEY (`id`);

--
-- AUTO_INCREMENT cho các bảng đã đổ
--

--
-- AUTO_INCREMENT cho bảng `comment`
--
ALTER TABLE `comment`
  MODIFY `id` int(11) NOT NULL AUTO_INCREMENT, AUTO_INCREMENT=4;

--
-- AUTO_INCREMENT cho bảng `loaitin`
--
ALTER TABLE `loaitin`
  MODIFY `id` int(11) NOT NULL AUTO_INCREMENT, AUTO_INCREMENT=9;

--
-- AUTO_INCREMENT cho bảng `slide`
--
ALTER TABLE `slide`
  MODIFY `id` int(11) NOT NULL AUTO_INCREMENT, AUTO_INCREMENT=20;

--
-- AUTO_INCREMENT cho bảng `theloai`
--
ALTER TABLE `theloai`
  MODIFY `id` int(11) NOT NULL AUTO_INCREMENT, AUTO_INCREMENT=6;

--
-- AUTO_INCREMENT cho bảng `tintuc`
--
ALTER TABLE `tintuc`
  MODIFY `id` int(11) NOT NULL AUTO_INCREMENT, AUTO_INCREMENT=14;

--
-- AUTO_INCREMENT cho bảng `users`
--
ALTER TABLE `users`
  MODIFY `id` int(11) NOT NULL AUTO_INCREMENT, AUTO_INCREMENT=7;

--
-- Các ràng buộc cho các bảng đã đổ
--

--
-- Các ràng buộc cho bảng `comment`
--
ALTER TABLE `comment`
  ADD CONSTRAINT `comment_ibfk_1` FOREIGN KEY (`idUser`) REFERENCES `users` (`id`) ON DELETE CASCADE ON UPDATE CASCADE,
  ADD CONSTRAINT `comment_ibfk_2` FOREIGN KEY (`idTinTuc`) REFERENCES `tintuc` (`id`) ON DELETE CASCADE ON UPDATE CASCADE;

--
-- Các ràng buộc cho bảng `tintuc`
--
ALTER TABLE `tintuc`
  ADD CONSTRAINT `tintuc_ibfk_1` FOREIGN KEY (`idLoaiTin`) REFERENCES `loaitin` (`id`) ON DELETE CASCADE ON UPDATE CASCADE;
COMMIT;

/*!40101 SET CHARACTER_SET_CLIENT=@OLD_CHARACTER_SET_CLIENT */;
/*!40101 SET CHARACTER_SET_RESULTS=@OLD_CHARACTER_SET_RESULTS */;
/*!40101 SET COLLATION_CONNECTION=@OLD_COLLATION_CONNECTION */;
